"customer_id","label"
2,Supplier
1,Internet
1,"3. Vergaderlocatie"
9,Supplier
59,Personal Assistant
62,Klant
63,Personal Assistant
64,Klant
65,Traveller
66,Traveller
67,Booker
68,Personal Assistant
69,Traveller
69,VIP
13,Klant
14,Klant
29,Traveller
70,Personal Assistant
71,Personal Assistant
72,Klant
73,Klant
74,Klant
75,Klant
76,Klant
77,Klant
78,Klant
79,Klant
80,Klant
81,Klant
82,Klant
83,Klant
84,Klant
85,Klant
86,Booker
87,Booker
88,Booker
89,Booker
90,Booker
91,Personal Assistant
92,Personal Assistant
94,Booker
95,Booker
96,Booker
97,Personal Assistant
98,Personal Assistant
99,Booker
100,Booker
101,Booker
101,VIP
102,Booker
103,Booker
104,Booker
105,Booker
106,Booker
107,Personal Assistant
107,VIP
108,Booker
109,Booker
110,Booker
110,VIP
111,Personal Assistant
112,Booker
113,Booker
114,Booker
115,Booker
116,Personal Assistant
117,Booker
118,Personal Assistant
119,Booker
120,Booker
121,Booker
122,Booker
123,Personal Assistant
124,Booker
125,Booker
126,Booker
127,Booker
128,Booker
128,VIP
129,Booker
130,Personal Assistant
131,Personal Assistant
132,Personal Assistant
133,Personal Assistant
134,Booker
135,Personal Assistant
136,Booker
137,Booker
138,Booker
139,Booker
140,Booker
141,Booker
142,Booker
143,Booker
144,Personal Assistant
145,Personal Assistant
146,Personal Assistant
147,Booker
148,Personal Assistant
149,Booker
150,Personal Assistant
151,Booker
152,Booker
153,Booker
154,Booker
155,Booker
155,VIP
156,Booker
157,Booker
158,Personal Assistant
159,Personal Assistant
160,Personal Assistant
161,Personal Assistant
163,Booker
164,Booker
165,Booker
167,Booker
168,Booker
169,Booker
169,VIP
170,Booker
171,Booker
172,Booker
173,Booker
174,Personal Assistant
175,Booker
176,Booker
177,Booker
177,VIP
178,Personal Assistant
179,Booker
180,Booker
181,Personal Assistant
182,Personal Assistant
183,Booker
184,Personal Assistant
185,Booker
186,Booker
187,Booker
188,Personal Assistant
189,Personal Assistant
190,Personal Assistant
191,Personal Assistant
192,Booker
193,Personal Assistant
194,Personal Assistant
195,Booker
196,Booker
197,Personal Assistant
198,Personal Assistant
199,Personal Assistant
200,Booker
201,Booker
202,Personal Assistant
203,Personal Assistant
204,Booker
205,Booker
206,Personal Assistant
207,Booker
208,Booker
209,Booker
210,Personal Assistant
211,Booker
212,Booker
213,Personal Assistant
214,Booker
215,Personal Assistant
216,Personal Assistant
217,Personal Assistant
218,Personal Assistant
219,Personal Assistant
220,Personal Assistant
221,Personal Assistant
222,Personal Assistant
224,Personal Assistant
225,Personal Assistant
226,Personal Assistant
227,Personal Assistant
228,Personal Assistant
229,Personal Assistant
230,Personal Assistant
231,Personal Assistant
232,Personal Assistant
233,Personal Assistant
234,Personal Assistant
235,Personal Assistant
236,Personal Assistant
237,Personal Assistant
237,VIP
238,Personal Assistant
239,Personal Assistant
240,Personal Assistant
241,Booker
242,Personal Assistant
243,Personal Assistant
244,Booker
245,Traveller
246,Traveller
247,VIP
248,Booker
249,Personal Assistant
250,Booker
250,VIP
251,Booker
252,Booker
253,Booker
253,VIP
254,Booker
255,Booker
255,VIP
256,Personal Assistant
257,Booker
258,Booker
258,VIP
259,Personal Assistant
259,VIP
260,Booker
260,VIP
261,Booker
262,Booker
263,Personal Assistant
264,Booker
265,Booker
266,Booker
267,Personal Assistant
267,VIP
268,Booker
268,VIP
269,Booker
270,Booker
270,VIP
271,Booker
271,VIP
30,Medewerker
273,Traveller
276,Traveller
277,Booker
278,Supplier
280,Supplier
281,Traveller
284,Supplier
284,Chain
285,Supplier
285,Chain
286,Supplier
286,Chain
287,Supplier
287,Chain
288,Supplier
288,Chain
289,Supplier
289,Chain
290,Supplier
290,Chain
291,Supplier
291,Chain
292,Supplier
292,Chain
293,Supplier
293,Chain
294,Supplier
294,Chain
295,Supplier
295,Chain
296,Supplier
296,Chain
297,Supplier
297,Chain
298,Supplier
298,Chain
299,Supplier
299,Chain
300,Supplier
300,Chain
301,Supplier
301,Chain
302,Supplier
302,Chain
303,Supplier
303,Chain
304,Supplier
304,Chain
305,Supplier
305,Chain
306,Supplier
307,Supplier
307,Chain
308,Supplier
308,Chain
309,Supplier
309,Chain
310,Supplier
310,Chain
311,Supplier
311,Chain
312,Supplier
312,Chain
313,Supplier
313,Chain
314,Booker
315,Supplier
316,Booker
317,Klant
318,Traveller
325,Booker
329,Supplier
330,Supplier
333,Supplier
335,Supplier
338,Supplier
339,Supplier
340,Supplier
342,Supplier
344,Supplier
346,Supplier
347,Supplier
349,Supplier
351,Supplier
352,Supplier
353,Supplier
355,Supplier
356,Supplier
358,Supplier
359,Supplier
360,Supplier
361,Supplier
363,Supplier
364,Supplier
365,Supplier
366,Supplier
367,Supplier
368,Supplier
370,Supplier
371,Supplier
373,Supplier
374,Supplier
376,Supplier
377,Supplier
379,Supplier
381,Supplier
382,Supplier
384,Supplier
386,Supplier
387,Supplier
388,Supplier
395,Supplier
397,Supplier
399,Supplier
401,Supplier
403,Supplier
405,Supplier
407,Supplier
410,Supplier
413,Supplier
415,Supplier
417,Supplier
419,Supplier
423,Supplier
425,Supplier
426,Supplier
429,Supplier
432,Supplier
434,Supplier
438,Supplier
441,Supplier
443,Supplier
446,Supplier
451,Supplier
454,Supplier
462,Supplier
465,Supplier
467,Supplier
470,Supplier
472,Supplier
475,Supplier
478,Supplier
480,Supplier
483,Supplier
486,Supplier
491,Supplier
494,Supplier
497,Supplier
500,Supplier
503,Supplier
507,Supplier
512,Supplier
514,Supplier
518,Supplier
520,Supplier
522,Supplier
524,Supplier
526,Supplier
529,Supplier
531,Supplier
536,Supplier
541,Supplier
544,Supplier
546,Supplier
549,Supplier
552,Supplier
553,Supplier
555,Supplier
557,Supplier
558,Supplier
559,Supplier
560,Supplier
563,Supplier
565,Supplier
567,Supplier
569,Supplier
571,Supplier
573,Supplier
575,Supplier
577,Supplier
580,Supplier
582,Supplier
583,Supplier
584,Supplier
585,Supplier
586,Supplier
589,Supplier
590,Supplier
592,Supplier
597,Supplier
599,Supplier
602,Supplier
605,Supplier
607,Supplier
610,Supplier
614,Supplier
617,Supplier
619,Supplier
623,Supplier
624,Supplier
625,Supplier
626,Supplier
629,Supplier
631,Supplier
632,Supplier
634,Supplier
636,Supplier
638,Supplier
643,Supplier
646,Supplier
648,Supplier
650,Supplier
654,Supplier
657,Supplier
661,Supplier
664,Supplier
667,Supplier
669,Supplier
673,Supplier
675,Supplier
678,Supplier
680,Supplier
682,Supplier
684,Supplier
686,Supplier
688,Supplier
690,Supplier
692,Supplier
694,Supplier
697,Supplier
699,Supplier
701,Supplier
704,Supplier
705,Supplier
706,Supplier
711,Supplier
712,Supplier
713,Supplier
715,Supplier
717,Supplier
721,Supplier
722,Supplier
723,Supplier
725,Supplier
727,Supplier
730,Supplier
733,Supplier
734,Supplier
735,Supplier
736,Supplier
738,Supplier
740,Supplier
745,Supplier
746,Supplier
747,Supplier
748,Supplier
750,Supplier
752,Booker
753,Klant
754,Supplier
755,Supplier
756,Supplier
757,Supplier
757,"1. Restaurant"
756,"1. Restaurant"
754,"1. Restaurant"
758,Booker
760,Supplier
761,Supplier
643,"2. Hotels"
692,"1. Restaurant"
764,Booker
765,Klant
767,Supplier
768,"1. Restaurant"
768,Supplier
771,"2. Hotels"
771,Supplier
15,UITDIENST
777,Booker
778,Supplier
780,Medewerker
784,Supplier
785,Supplier
786,Supplier
787,Booker
800,Booker
801,Medewerker
802,Booker
803,Booker
577,"2. Hotels"
804,Booker
805,Supplier
807,Medewerker
808,Medewerker
809,Medewerker
810,Medewerker
94,UITDIENST
254,UITDIENST
202,UITDIENST
811,Supplier
813,Booker
814,Supplier
815,Supplier
817,Supplier
819,Supplier
822,Booker
823,Booker
824,Supplier
825,Supplier
826,Medewerker
825,Chain
827,Supplier
828,Supplier
829,Supplier
829,Chain
830,Supplier
832,Medewerker
833,Medewerker
834,Medewerker
835,Supplier
836,Booker
837,Medewerker
838,Supplier
840,Supplier
840,"1. Restaurant"
842,Supplier
844,Supplier
845,Supplier
846,Supplier
847,Supplier
848,Supplier
850,Supplier
851,Klant
852,Supplier
853,Booker
854,Supplier
854,"2. Hotels"
860,Booker
861,Medewerker
862,Supplier
863,Medewerker
864,Klant
865,Klant
946,Supplier
948,Supplier
952,Booker
628,Medewerker
716,Medewerker
953,Medewerker
957,Booker
958,Supplier
958,"2. Hotels"
961,Supplier
962,Supplier
963,Supplier
964,Supplier
966,Supplier
968,Supplier
969,"2. Hotels"
327,"2. Hotels"
327,Supplier
970,Supplier
973,Supplier
974,Supplier
978,Klant
980,Supplier
983,Booker
984,Supplier
985,Booker
986,Booker
988,Medewerker
989,Booker
173,UITDIENST
92,LEAD
118,UITDIENST
109,UITDIENST
132,UITDIENST
990,Supplier
992,Supplier
994,Supplier
996,Supplier
998,Supplier
1000,Booker
1001,Booker
1002,Booker
1003,Booker
444,Supplier
1004,Supplier
1005,Supplier
1006,Medewerker
1008,Supplier
1007,Supplier
203,UITDIENST
1015,Booker
1016,Booker
1017,Klant
1024,Supplier
22,Klant
1026,Supplier
1029,Booker
1030,Supplier
1032,Booker
1034,Supplier
1037,Supplier
1039,Booker
1040,Supplier
1042,"2. Hotels"
1043,Booker
1044,Booker
1045,Supplier
1046,Klant
1047,Supplier
1048,Supplier
1049,Personal Assistant
1050,Booker
1051,Traveller
216,UITDIENST
1052,Booker
1053,Supplier
1054,Supplier
1057,"2. Hotels"
1058,"2. Hotels"
1060,"2. Hotels"
1061,Supplier
459,UITDIENST
1062,"1. Restaurant"
1064,Supplier
1067,Booker
1076,Booker
772,"2. Hotels"
1077,"3. Vergaderlocatie"
1079,"3. Vergaderlocatie"
1079,Supplier
1081,Supplier
1082,Supplier
1084,Supplier
1087,Supplier
1089,Supplier
1091,Supplier
1092,Supplier
1091,"3. Vergaderlocatie"
1094,Medewerker
1095,Supplier
1096,Booker
1098,Booker
1099,Supplier
1101,Supplier
1103,VIP
69,UITDIENST
1105,Booker
1106,Supplier
1107,Medewerker
1108,Medewerker
1109,Supplier
1110,Supplier
1111,Supplier
1112,Supplier
1115,Booker
1116,Supplier
1129,Supplier
1130,Booker
1018,Supplier
1132,Supplier
1133,Booker
1134,Medewerker
1135,Booker
1136,Medewerker
1137,Booker
1138,Booker
1139,Supplier
702,UITDIENST
1140,Supplier
1141,Supplier
1165,Booker
1166,"2. Hotels"
1166,Supplier
1168,Booker
1169,Supplier
1171,Supplier
1172,Supplier
1173,Supplier
1175,Booker
1176,Booker
1177,Supplier
1179,Supplier
1187,Booker
1188,Medewerker
1194,Supplier
1195,"2. Hotels"
1195,Supplier
1201,"3. Vergaderlocatie"
1202,Supplier
627,Wanbetaler
1206,Supplier
1208,Supplier
1211,Klant
1212,Supplier
1213,Supplier
1214,Chain
1220,Booker
1222,Supplier
1232,"2. Hotels"
1232,Supplier
1235,Supplier
1247,Supplier
1248,Supplier
1249,Booker
1250,Booker
1252,Booker
1255,Supplier
1257,Supplier
1258,Booker
1262,Supplier
1265,Supplier
1267,Booker
1270,Supplier
1272,Booker
1274,"1. Restaurant"
1276,Booker
1278,Klant
1281,Supplier
1282,Booker
1284,Supplier
1285,"2. Hotels"
1285,Personal Assistant
1285,Supplier
1287,Booker
1288,Booker
1289,Supplier
1293,Supplier
1296,Supplier
1298,Medewerker
1302,Booker
1303,Supplier
1306,Booker
662,UITDIENST
1309,Supplier
1310,Supplier
1311,Supplier
1144,Traveller
1315,"2. Hotels"
1315,Supplier
1318,"2. Hotels"
1318,Supplier
1320,Klant
1321,Klant
1322,Booker
1323,Supplier
1324,Supplier
1327,Supplier
1328,Supplier
1334,Supplier
1337,Supplier
1339,Supplier
1341,Booker
1342,"2. Hotels"
1342,Supplier
1344,Supplier
1347,Supplier
1348,Medewerker
1355,Supplier
1356,Booker
1065,Traveller
1357,Booker
1359,Supplier
1360,Supplier
1364,Supplier
1365,Booker
1367,Supplier
1369,"2. Hotels"
1369,Supplier
1372,Supplier
1374,Supplier
1376,Supplier
1385,Supplier
1385,"2. Hotels"
1385,"3. Vergaderlocatie"
1386,Supplier
1388,Supplier
1394,Booker
1395,Supplier
1396,Medewerker
1397,Supplier
1399,Supplier
1404,Supplier
1406,Supplier
1408,Supplier
1411,Supplier
1413,Booker
1414,Booker
1415,Booker
1417,Supplier
1418,Supplier
1419,Booker
1421,"2. Hotels"
1421,Chain
1422,Personal Assistant
1426,Booker
1438,Supplier
1440,Supplier
1444,Supplier
1445,Supplier
1450,Supplier
1452,Supplier
1453,Booker
1455,Supplier
1456,Supplier
1459,Medewerker
1464,Booker
1465,Supplier
1468,Supplier
1469,Supplier
1470,Supplier
1477,Supplier
1486,Supplier
1487,Booker
1492,Booker
1494,Supplier
1498,Supplier
1500,Supplier
1502,Supplier
1503,Booker
1504,Supplier
1505,Medewerker
1507,Supplier
1507,"1. Restaurant"
1509,Supplier
1511,Medewerker
1512,Booker
1514,Supplier
1517,Supplier
1519,Supplier
1520,Supplier
1525,Booker
1526,Supplier
1527,Supplier
1529,Supplier
1532,Supplier
1534,Booker
1535,Supplier
1537,Supplier
1554,Supplier
1556,Booker
1564,Booker
1565,Booker
1566,Klant
1567,Booker
1571,Booker
1573,Supplier
1579,Supplier
1581,Booker
1583,Supplier
1585,Supplier
1588,Supplier
1590,Supplier
1592,Supplier
1593,Supplier
1597,Supplier
1597,"2. Hotels"
1602,Supplier
1604,Supplier
1606,Medewerker
1609,Supplier
1617,Supplier
1617,"2. Hotels"
1618,Supplier
1619,Supplier
1623,Booker
1625,Supplier
1627,Supplier
1629,Supplier
1632,Supplier
1635,Supplier
1636,Medewerker
1637,Supplier
1645,Supplier
1646,Supplier
1648,Supplier
1650,Supplier
1651,Booker
1653,Supplier
1655,Supplier
1657,Supplier
1668,Supplier
1671,Supplier
1674,Klant
1680,Booker
1681,Booker
1682,Booker
1684,Supplier
1688,Supplier
1690,Supplier
1692,Supplier
1694,Supplier
1696,Supplier
1698,Supplier
1702,Supplier
1704,Supplier
1706,Klant
1707,Booker
1708,Supplier
1711,Supplier
1061,"2. Hotels"
1713,Booker
1714,Supplier
1715,Supplier
1717,Supplier
1720,Supplier
1722,Medewerker
1723,Medewerker
1724,Medewerker
1725,Supplier
1726,Medewerker
1727,Supplier
1730,Supplier
1732,Supplier
1737,Supplier
1740,Booker
1744,Supplier
1746,Supplier
1747,Supplier
1748,Booker
1751,Supplier
1756,Supplier
1757,Supplier
1758,Supplier
1760,Supplier
1763,Supplier
1764,Supplier
1765,Supplier
1766,Booker
1768,Supplier
1770,Supplier
1771,Supplier
1772,Supplier
1773,Supplier
1775,Booker
1777,Supplier
306,"2. Hotels"
1778,Medewerker
1781,Supplier
1789,Supplier
1790,Supplier
1792,Supplier
1793,Supplier
1795,Supplier
1796,Booker
1801,Booker
1803,Supplier
1805,Supplier
1806,Supplier
1807,Supplier
1814,Booker
1817,Supplier
1818,LEAD
1820,Supplier
1823,Wanbetaler
1824,Supplier
708,Blacklist
1828,Supplier
1513,Klant
1832,Traveller
1833,Supplier
1834,Traveller
1839,Supplier
1842,Supplier
1844,Supplier
1846,Supplier
1847,Booker
1849,Booker
1863,Supplier
1864,Booker
1865,Supplier
1869,Supplier
1879,"2. Hotels"
1882,Supplier
1886,Supplier
1897,Supplier
1899,Supplier
1902,Booker
1903,Supplier
1904,Supplier
1909,Booker
1918,Booker
1920,Supplier
1921,Booker
1925,Booker
1558,Booker
1931,Supplier
1933,Supplier
1936,Supplier
1940,Supplier
1943,Supplier
1944,Supplier
1945,Supplier
1947,Supplier
1949,Booker
1960,Booker
1965,Booker
1973,Supplier
1975,Supplier
1976,Supplier
1977,Supplier
1978,Booker
1981,Supplier
1982,Supplier
1983,Booker
1986,Supplier
1987,Supplier
1990,Supplier
1993,Supplier
1994,Supplier
1995,Booker
1997,Supplier
1999,Supplier
2001,Booker
2006,Supplier
2009,Supplier
2010,Supplier
2011,Booker
2012,Booker
2014,Booker
2018,Supplier
2020,Supplier
2023,"3. Vergaderlocatie"
2025,Supplier
2027,Booker
2028,Supplier
2029,Booker
2052,Supplier
2053,Supplier
2055,Supplier
2059,Supplier
2061,Supplier
2062,Supplier
2063,Supplier
2064,Supplier
2066,Supplier
2070,Supplier
2074,Supplier
2078,Medewerker
2080,Medewerker
2082,Supplier
2086,Supplier
2090,Supplier
2093,Booker
2097,Supplier
2098,Supplier
2099,Supplier
2103,Supplier
2106,Supplier
2107,Medewerker
2108,Supplier
2109,Supplier
2112,Supplier
2117,Booker
2118,Supplier
2119,Supplier
2120,Supplier
2121,Supplier
2122,Supplier
2125,Supplier
2128,Supplier
2131,Supplier
2136,Supplier
2137,Supplier
2138,Supplier
2139,Booker
2142,Supplier
2143,Supplier
2144,Supplier
2148,Supplier
2152,Supplier
2154,Supplier
2155,Booker
2156,Supplier
2166,Supplier
2169,Supplier
2170,Supplier
2171,Supplier
2172,Supplier
2173,Supplier
2174,Supplier
2175,Supplier
2180,Supplier
2181,Supplier
2183,Supplier
2187,Supplier
2191,Supplier
2192,Supplier
2193,Supplier
2203,Supplier
2205,Booker
2207,Supplier
2209,Supplier
2217,Booker
2223,Booker
2224,Supplier
2031,Booker
2225,Supplier
2227,Booker
2241,Supplier
2247,Supplier
2248,Booker
2250,Supplier
2252,Supplier
2253,Supplier
2277,Supplier
2279,Supplier
2281,Supplier
2282,Booker
2287,Supplier
2292,Supplier
2293,Supplier
2296,Supplier
2297,Booker
2322,Supplier
2323,Supplier
2325,Booker
2330,Supplier
2331,Supplier
2332,Supplier
2333,Supplier
2334,Supplier
2335,Supplier
2337,Booker
2340,Supplier
2348,Supplier
2351,Supplier
2352,Booker
2354,Supplier
2356,Supplier
2359,Supplier
2360,Supplier
2364,Supplier
2366,Booker
2368,Supplier
2369,Booker
2371,Supplier
2373,Supplier
2375,Supplier
2378,Supplier
2384,Supplier
2386,Supplier
2388,Booker
2389,Supplier
2391,Supplier
2392,Supplier
2396,Supplier
2399,Booker
2401,Booker
2412,Supplier
2414,Supplier
2417,Booker
2418,Supplier
2419,Supplier
2424,Supplier
2426,Booker
2428,Supplier
2442,Supplier
2444,Supplier
1065,Booker
2445,Booker
2449,Supplier
2450,Supplier
2451,Supplier
2453,Supplier
2455,Supplier
2457,Supplier
2458,Supplier
2468,Supplier
2469,Supplier
2473,Booker
2476,Booker
2478,Booker
2479,Supplier
2480,Supplier
2485,Booker
2486,Supplier
2488,Booker
2490,Supplier
2492,Supplier
2493,Booker
2494,Supplier
2499,Supplier
2500,Supplier
2506,Supplier
2511,Booker
2512,Supplier
2514,Booker
2515,Supplier
2517,Supplier
2520,Supplier
2521,Booker
2523,Booker
2527,Supplier
2530,Booker
2532,Supplier
2548,Supplier
2551,Supplier
2559,Supplier
2561,Supplier
2563,Booker
2565,Supplier
2573,Booker
2579,Supplier
2582,Supplier
2589,Medewerker
2590,Supplier
2591,Booker
2592,Supplier
2593,Supplier
2594,Supplier
509,Supplier
2597,Booker
2599,Supplier
2601,Booker
2603,Booker
2604,Supplier
2605,Supplier
2607,Booker
2609,Supplier
2614,Supplier
2615,Supplier
2618,Supplier
2622,Supplier
2626,Supplier
2631,Booker
2633,Booker
2635,Supplier
2640,Supplier
2641,Supplier
2642,Supplier
2643,Supplier
2649,Supplier
2652,Supplier
2653,Booker
2656,Supplier
2659,Supplier
2661,Booker
2672,Supplier
2673,Supplier
2676,Booker
2678,Supplier
2680,Booker
2682,Supplier
2684,Supplier
2685,Supplier
2687,Supplier
2691,Supplier
2697,Supplier
2698,Booker
2702,Supplier
2704,Supplier
2709,Supplier
2710,Supplier
2713,Booker
2715,Booker
2723,Supplier
2724,Booker
2725,Booker
2726,Supplier
2728,Supplier
2731,Supplier
2732,Booker
2737,Booker
2746,Supplier
2747,Supplier
2752,Supplier
2753,Booker
2757,Supplier
2704,Wanbetaler
2762,Medewerker
2763,Supplier
2765,Supplier
2770,Supplier
2774,Supplier
2780,Booker
2786,Supplier
2789,Supplier
2792,Supplier
2793,Supplier
2794,Supplier
2795,Supplier
2797,Supplier
2798,Supplier
2799,Booker
2802,Supplier
2808,Supplier
2809,Supplier
2815,Booker
2818,Supplier
2820,Supplier
2824,Booker
2827,Supplier
2828,Supplier
2833,Supplier
2835,Supplier
2836,Supplier
2837,Supplier
2844,Supplier
2845,Booker
2851,Supplier
2859,Supplier
2860,Booker
2861,Supplier
2868,Supplier
2870,Booker
2872,Supplier
2873,Booker
2875,Supplier
2876,Supplier
2877,Booker
2881,Supplier
2882,Booker
2884,Supplier
2886,Supplier
2890,Supplier
2892,Supplier
2893,Supplier
2895,Supplier
2896,Supplier
2898,Supplier
2899,Supplier
2904,Supplier
2905,Supplier
2908,Supplier
2914,Supplier
2900,Booker
2917,Supplier
2918,Supplier
2920,Supplier
2931,Supplier
2932,Supplier
2934,Supplier
2938,Supplier
2940,Supplier
2941,Supplier
2942,Booker
2946,LEAD
2948,Supplier
2950,Booker
2951,Booker
2953,Supplier
2957,Supplier
2961,Supplier
2963,Supplier
2964,Booker
2966,Supplier
2968,Supplier
2971,Supplier
2972,Booker
2974,Supplier
2976,Supplier
2979,Supplier
2982,Supplier
2985,Supplier
2986,Supplier
2990,Supplier
2997,Supplier
2999,Supplier
3001,Supplier
3008,Booker
3015,Supplier
3018,"2. Hotels"
3019,Booker
3022,Booker
3029,Supplier
3033,Supplier
3035,Supplier
3042,Medewerker
3043,Medewerker
3044,Supplier
3046,Booker
3049,Supplier
3062,Supplier
3063,Supplier
3064,Supplier
3066,Supplier
3069,Supplier
3070,Booker
3072,Supplier
3074,Supplier
3075,Booker
3082,Supplier
3083,Supplier
3084,Supplier
3087,Supplier
3088,Supplier
3091,Supplier
3094,Supplier
3096,Supplier
3097,Supplier
3098,Supplier
3099,Supplier
3100,Booker
3101,Supplier
3104,Supplier
3110,Supplier
3115,Supplier
3118,Supplier
3119,Supplier
3122,Supplier
3125,Supplier
3126,Supplier
3127,Supplier
3128,Supplier
3129,Supplier
3130,Supplier
2324,Booker
3136,Supplier
3138,Supplier
3139,Supplier
3140,Supplier
3142,Supplier
3143,Supplier
3147,Supplier
3150,Supplier
3151,Supplier
3152,Supplier
3157,Supplier
3158,Supplier
3160,Supplier
3162,Supplier
3163,Supplier
3164,Supplier
3166,Supplier
3167,Supplier
3169,Supplier
3170,Booker
3171,Supplier
3172,Supplier
3173,Supplier
3177,Supplier
3178,Supplier
3179,Booker
3182,Supplier
3183,Supplier
3186,Supplier
3188,Booker
3190,Supplier
3194,Supplier
3196,Supplier
3198,Supplier
3203,Supplier
3206,Supplier
3014,Booker
3212,Booker
3214,Supplier
3216,Supplier
3217,Booker
3219,Supplier
3220,Booker
3223,Supplier
3228,Supplier
3229,Supplier
3230,Supplier
3231,Supplier
3237,Supplier
3240,Supplier
3243,Supplier
3246,Supplier
3250,Supplier
3251,Supplier
3254,Supplier
1929,Booker
3269,Supplier
3273,Supplier
3274,Booker
3276,Supplier
3278,Supplier
3281,Supplier
3282,Booker
3283,Supplier
3287,Supplier
3288,Supplier
3292,Supplier
3295,Supplier
3297,Supplier
3300,Supplier
3301,Supplier
3302,Supplier
3305,Supplier
3307,Supplier
3310,Supplier
3312,Supplier
3313,Booker
3327,Supplier
3328,Booker
3329,Supplier
3331,Supplier
3337,Supplier
3339,Supplier
3340,Supplier
3342,Supplier
3343,Supplier
3344,Supplier
3345,Booker
3352,Supplier
3357,Supplier
3358,Booker
3362,Supplier
3365,Supplier
1661,Booker
3366,Supplier
3367,Supplier
3368,Supplier
3113,Booker
3372,Booker
2840,Booker
3376,Supplier
3377,Supplier
3379,Supplier
3382,Supplier
3383,Supplier
3384,Supplier
3385,Supplier
3391,Supplier
3398,Supplier
3399,Supplier
3401,Supplier
3402,Supplier
3403,Supplier
3404,Supplier
3407,Supplier
3409,Supplier
3419,Supplier
3420,Supplier
3421,Supplier
3424,Supplier
3425,"1. Restaurant"
3426,Supplier
3425,Supplier
3427,Booker
3428,Supplier
3429,Supplier
3432,Supplier
3435,Booker
3441,Supplier
3442,Supplier
3445,Supplier
3446,Supplier
3456,Supplier
3457,Supplier
3459,Supplier
3462,Supplier
3472,Supplier
3473,Booker
3474,Supplier
3478,Supplier
3480,Supplier
3481,Supplier
3485,Booker
3488,Booker
3491,Supplier
3495,Booker
3498,Supplier
3506,Supplier
3507,Booker
3509,Supplier
3511,Supplier
3513,Supplier
3514,Supplier
3516,Supplier
3518,Supplier
3519,Klant
3520,Booker
3522,Supplier
3524,Supplier
3525,Supplier
3526,Booker
3528,Supplier
3531,Booker
3547,Supplier
3554,Supplier
2716,Booker
3560,Supplier
3562,Supplier
3564,Supplier
3565,Supplier
3568,Supplier
3574,Supplier
3576,Supplier
3577,Booker
3579,Supplier
3585,Supplier
3586,Supplier
3587,Supplier
3588,Booker
3597,Supplier
3598,Supplier
3600,Supplier
3601,Supplier
3486,Booker
3609,Supplier
3611,Supplier
3614,Supplier
3617,Supplier
3618,Booker
3619,Supplier
3622,Supplier
3623,Supplier
3626,Supplier
3627,Supplier
3630,Supplier
3639,Supplier
3646,Supplier
3649,Supplier
3650,Supplier
3652,Booker
3656,Booker
3658,Supplier
3661,Supplier
3663,Supplier
3665,Supplier
3666,Supplier
3667,Supplier
3670,Supplier
3671,Chain
3674,Supplier
3677,Supplier
3678,Supplier
3681,Supplier
3684,Supplier
3687,Supplier
3690,Supplier
3691,Supplier
3698,Supplier
3702,Supplier
3704,Supplier
3710,Supplier
3711,Supplier
3712,Supplier
3713,Supplier
3716,Supplier
3719,Supplier
3722,Supplier
3723,Supplier
3727,Supplier
3728,Supplier
3731,Supplier
3736,Supplier
223,Booker
3738,Booker
3740,Supplier
3743,Supplier
3744,Supplier
3745,Booker
3747,Supplier
2807,Booker
3749,Booker
3752,Supplier
3757,Klant
3758,Booker
3759,Supplier
3767,Supplier
3771,Supplier
3772,Booker
3776,Booker
3777,Supplier
3778,Supplier
3782,Booker
3785,Supplier
3786,Supplier
3791,Supplier
3797,Supplier
3801,Supplier
3804,Supplier
3805,Supplier
3812,Supplier
3814,Supplier
3818,Supplier
3819,Supplier
3823,Booker
3828,Supplier
3834,Supplier
3836,Supplier
3841,Supplier
3842,Supplier
3843,Supplier
3847,Supplier
3850,Supplier
3853,Supplier
3857,Supplier
3859,Supplier
3862,Supplier
3867,Supplier
3869,Supplier
3870,Supplier
3873,Supplier
3874,Supplier
3875,Supplier
3877,Supplier
3878,Supplier
3883,Supplier
3884,Supplier
3885,Supplier
3886,Supplier
3887,Supplier
3892,Supplier
3894,Supplier
3896,Supplier
3897,Supplier
3900,Supplier
3902,Supplier
3903,Supplier
3905,Supplier
3911,Supplier
3913,Supplier
3914,Supplier
3916,Supplier
3919,Supplier
3920,Booker
3922,Supplier
3924,Supplier
3930,Supplier
3931,Supplier
3932,Supplier
3933,Supplier
3936,Supplier
3939,Supplier
3940,Supplier
3941,Supplier
3946,Supplier
3947,Booker
3949,Supplier
3952,Supplier
3955,Supplier
3956,Supplier
3957,Supplier
3959,Supplier
2806,Booker
3960,Supplier
3961,Supplier
3968,Supplier
3978,Supplier
3981,Supplier
3983,Supplier
3989,Supplier
3992,Supplier
3993,Supplier
3996,Booker
3997,Supplier
4008,Supplier
4009,Supplier
4010,Supplier
4021,Supplier
4022,Supplier
4025,Supplier
4027,Supplier
4028,Supplier
4029,Supplier
4034,Supplier
4035,Supplier
4036,Supplier
4040,Supplier
4041,Supplier
4042,Supplier
4045,Supplier
4046,Supplier
4047,Booker
4048,Booker
4052,Supplier
4053,Supplier
4056,Supplier
4058,Supplier
4059,Supplier
4064,Booker
4072,Supplier
4073,Booker
4074,Klant
4076,Supplier
4077,Supplier
4079,Supplier
4080,Supplier
4084,Supplier
4086,Supplier
4087,Supplier
4090,Supplier
4098,Supplier
4099,Supplier
4100,Supplier
4101,Supplier
4103,Supplier
4106,Supplier
4122,Supplier
4125,Supplier
4127,Supplier
4129,Supplier
4130,Supplier
4131,Supplier
4133,Supplier
4134,Supplier
4141,Supplier
4145,Supplier
4146,Supplier
4146,"3. Vergaderlocatie"
4147,Supplier
4151,Booker
4157,Supplier
4160,Booker
4161,Supplier
4162,Supplier
4163,Supplier
4164,Supplier
4167,Supplier
4168,Supplier
4172,Supplier
4176,Supplier
4192,Supplier
4205,Supplier
4210,Supplier
4211,Supplier
4213,Supplier
4217,Supplier
4220,Supplier
4225,Supplier
4228,Supplier
4231,Booker
4232,Supplier
4236,Supplier
4237,Supplier
4238,Supplier
4240,Supplier
4247,Supplier
4250,Supplier
4253,Supplier
4258,Supplier
4260,Supplier
4261,Supplier
4263,Booker
4267,Booker
4286,Supplier
4288,Supplier
4289,Supplier
4291,Supplier
4294,Supplier
4297,Booker
4299,Supplier
4308,Supplier
4309,Supplier
4312,Supplier
4316,Supplier
4322,Supplier
4323,Supplier
4324,Booker
4327,Supplier
4328,Supplier
4330,Supplier
4331,Supplier
4332,Supplier
4333,Booker
4340,Supplier
4342,Supplier
4357,Supplier
4358,Supplier
4359,Supplier
4360,Supplier
4363,Supplier
4364,Supplier
4371,Supplier
4372,Supplier
4375,Supplier
4378,Supplier
4379,Supplier
4381,Supplier
4382,Supplier
4383,Supplier
4390,Supplier
4391,Supplier
4392,Supplier
4394,Supplier
4406,Supplier
4407,Supplier
4410,Supplier
4412,Supplier
4416,Supplier
4185,Booker
4418,Booker
4419,Supplier
4427,Supplier
4428,Booker
4438,Supplier
4439,Supplier
4440,Supplier
4441,Booker
4444,Supplier
4445,Supplier
4446,Supplier
4450,Supplier
4451,Supplier
4461,Supplier
4464,Supplier
4467,Supplier
4469,Supplier
4477,Supplier
4479,Supplier
4488,Supplier
4490,Supplier
4493,Supplier
4496,Supplier
4497,Supplier
4498,Supplier
4500,Supplier
4501,Supplier
4503,Supplier
4505,Supplier
4507,Supplier
4508,Supplier
4510,Booker
4520,Supplier
4529,Supplier
4534,Supplier
4535,Supplier
4537,Supplier
4538,Supplier
4546,Supplier
4548,Supplier
4549,Supplier
4550,Booker
4553,Supplier
4556,Supplier
4558,Supplier
4559,Supplier
4561,Supplier
4566,Supplier
4567,Supplier
4568,Supplier
4569,Supplier
4576,Supplier
4592,Supplier
4593,Supplier
4596,Supplier
4600,Supplier
4609,Supplier
4610,Supplier
4619,Booker
4621,Supplier
4623,Booker
4627,Supplier
4629,Supplier
4637,Supplier
4641,Supplier
4642,Supplier
4646,Supplier
4649,Supplier
4651,Supplier
4652,Supplier
4653,Supplier
4655,Supplier
4657,Supplier
4658,Supplier
4659,Supplier
4660,Supplier
4661,Supplier
4664,Supplier
4665,Supplier
4666,Supplier
4667,Supplier
4668,Supplier
4670,Supplier
4673,Supplier
4677,Supplier
4679,Booker
4680,Supplier
4682,Supplier
4683,Supplier
4684,Supplier
4686,Supplier
4688,Supplier
4690,Booker
4691,Klant
4692,Booker
4693,Supplier
4696,Supplier
4697,Supplier
4698,Supplier
4700,Supplier
4702,Supplier
4703,Supplier
4706,Supplier
4707,Supplier
4709,Booker
4711,Supplier
4717,Supplier
4720,Supplier
4722,Supplier
4727,Booker
4730,Supplier
4737,Supplier
4738,Supplier
4739,Supplier
4741,Supplier
4742,Booker
4743,Supplier
